{"cameraMode":{"drawMode":0,"name":"Shaded","section":"Shading Mode"},"sceneLighting":false,"audioPlay":false,"sceneViewState":{"showFog":true,"showMaterialUpdate":false,"showSkybox":false,"showFlares":true,"showImageEffects":true,"showParticleSystems":true},"in2DMode":false,"pivot":{"x":534.2022705078125,"y":391.01153564453127,"z":-102.01702880859375},"rotation":{"x":0.016499262303113939,"y":-0.0008981435094028711,"z":0.00001481281105952803,"w":0.9998645186424255},"size":404.0863342285156,"orthographic":false}