{"cameraMode":{"drawMode":0,"name":"Shaded","section":"Shading Mode"},"sceneLighting":false,"audioPlay":false,"sceneViewState":{"showFog":true,"showMaterialUpdate":false,"showSkybox":false,"showFlares":true,"showImageEffects":true,"showParticleSystems":true},"in2DMode":false,"pivot":{"x":555.3333740234375,"y":427.8621520996094,"z":0.0},"rotation":{"x":0.043795760720968249,"y":0.002992343856021762,"z":-0.00012856590910814703,"w":0.9990424513816834},"size":701.0429077148438,"orthographic":false}