{"cameraMode":{"drawMode":0,"name":"Shaded","section":"Shading Mode"},"sceneLighting":false,"audioPlay":false,"sceneViewState":{"showFog":true,"showMaterialUpdate":false,"showSkybox":false,"showFlares":true,"showImageEffects":true,"showParticleSystems":true},"in2DMode":false,"pivot":{"x":478.58917236328127,"y":381.030517578125,"z":-33.50030517578125},"rotation":{"x":0.043795760720968249,"y":0.002992343856021762,"z":-0.00012856590910814703,"w":0.9990424513816834},"size":289.7711486816406,"orthographic":false}