{"cameraMode":{"drawMode":0,"name":"Shaded","section":"Shading Mode"},"sceneLighting":false,"audioPlay":false,"sceneViewState":{"showFog":true,"showMaterialUpdate":false,"showSkybox":false,"showFlares":true,"showImageEffects":true,"showParticleSystems":true},"in2DMode":false,"pivot":{"x":-1.0731791257858277,"y":1.720181941986084,"z":0.1762685775756836},"rotation":{"x":0.09914423525333405,"y":-0.009824569337069989,"z":0.0009843464940786362,"w":0.9950382709503174},"size":5.834110260009766,"orthographic":false}