{"cameraMode":{"drawMode":0,"name":"Shaded","section":"Shading Mode"},"sceneLighting":false,"audioPlay":false,"sceneViewState":{"showFog":true,"showMaterialUpdate":false,"showSkybox":false,"showFlares":true,"showImageEffects":true,"showParticleSystems":true},"in2DMode":false,"pivot":{"x":459.51654052734377,"y":516.2022094726563,"z":-4.39727783203125},"rotation":{"x":0.043795760720968249,"y":0.002992343856021762,"z":-0.00012856590910814703,"w":0.9990424513816834},"size":407.73681640625,"orthographic":false}