{"cameraMode":{"drawMode":0,"name":"Shaded","section":"Shading Mode"},"sceneLighting":false,"audioPlay":false,"sceneViewState":{"showFog":true,"showMaterialUpdate":false,"showSkybox":false,"showFlares":true,"showImageEffects":true,"showParticleSystems":true},"in2DMode":false,"pivot":{"x":511.0050964355469,"y":593.5330810546875,"z":0.00000762939453125},"rotation":{"x":0.12002004683017731,"y":0.0029736380092799665,"z":-0.0003583547077141702,"w":0.99277263879776},"size":376.4832458496094,"orthographic":false}