{"cameraMode":{"drawMode":0,"name":"Shaded","section":"Shading Mode"},"sceneLighting":false,"audioPlay":false,"sceneViewState":{"showFog":true,"showMaterialUpdate":false,"showSkybox":false,"showFlares":true,"showImageEffects":true,"showParticleSystems":true},"in2DMode":false,"pivot":{"x":508.9979248046875,"y":399.96026611328127,"z":3.742401123046875},"rotation":{"x":-0.042295195162296298,"y":-0.00989378523081541,"z":0.00041884640813805163,"w":-0.9990561008453369},"size":339.68536376953127,"orthographic":false}