{"cameraMode":{"drawMode":0,"name":"Shaded","section":"Shading Mode"},"sceneLighting":false,"audioPlay":false,"sceneViewState":{"showFog":true,"showMaterialUpdate":false,"showSkybox":false,"showFlares":true,"showImageEffects":true,"showParticleSystems":true},"in2DMode":false,"pivot":{"x":480.3008117675781,"y":557.8162841796875,"z":8.70574951171875},"rotation":{"x":-0.03630146384239197,"y":-0.003900282084941864,"z":0.00014164666936267167,"w":-0.9993339776992798},"size":419.4443054199219,"orthographic":false}