{"cameraMode":{"drawMode":0,"name":"Shaded","section":"Shading Mode"},"sceneLighting":false,"audioPlay":false,"sceneViewState":{"showFog":true,"showMaterialUpdate":false,"showSkybox":false,"showFlares":true,"showImageEffects":true,"showParticleSystems":true},"in2DMode":false,"pivot":{"x":563.4151000976563,"y":244.95172119140626,"z":-324.6795654296875},"rotation":{"x":-0.22553962469100953,"y":0.6018308401107788,"z":-0.1824244111776352,"w":-0.7440836429595947},"size":1916.8670654296875,"orthographic":false}